"","Estimate","Std. Error","t value","Pr(>|t|)"
"(Intercept)","-0.2257759610","0.3501353755","-0.6448248","0.524"
"meandegC"," 0.0399359380","0.0152340433"," 2.6214930","0.014"
"meanVW","-0.7052982708","0.3239651759","-2.1770805","0.038"
"sampledepth","-0.0004667526","0.0001585728","-2.9434588","< 0.01"
