"","Df","Sum Sq","Mean Sq","F value","Pr(>F)"
"LUType",1,11.2254065634006,11.2254065634006,53.5772629693226,1.02531297907605e-09
"sampledepth",6,1.55397987304047,0.258996645506745,1.23615401421003,0.301990770953362
"LUType:PitID",4,6.07631719169104,1.51907929792276,7.25034862268775,8.88630696510249e-05
"LUType:sampledepth",6,0.611928407002127,0.101988067833688,0.486774487783297,0.815454840118311
"Residuals",56,11.7330138329458,0.209518104159746,,
