"","Df","Sum Sq","Mean Sq","F value","Pr(>F)"
"LUType",1,1.38382389150848,1.38382389150848,16.6927924636243,0.000139007349788052
"sampledepth",6,0.485797753265604,0.0809662922109339,0.976680284767285,0.449449325633646
"LUType:PitID",4,3.04556904695837,0.761392261739593,9.18452346907655,8.47437015509718e-06
"LUType:sampledepth",6,0.167475003037541,0.0279125005062568,0.336702943886769,0.914674380462034
"Residuals",57,4.72527062130969,0.0828994845843805,,
