"","Df","Sum Sq","Mean Sq","F value","Pr(>F)"
"LUType",1,93.3977272268288,93.3977272268288,77.4450722651012,6.02832146325729e-12
"sampledepth",7,40.1577260176091,5.73681800251559,4.75694963858746,0.00033443993302212
"LUType:PitID",2,15.6183980862749,7.80919904313743,6.47536082713811,0.00304784174964233
"LUType:sampledepth",6,9.16493717316162,1.52748952886027,1.26658903229487,0.288534564286112
"Residuals",53,63.9172951647249,1.20598670122123,,
