"","Estimate","Std. Error","t value","Pr(>|t|)"
"(Intercept)"," 0.1215315051","0.2712658486"," 0.4480162","0.656"
"meandegC"," 0.0219056823","0.0124472185"," 1.7598857","0.086"
"meanVW","-0.6391021776","0.2995230077","-2.1337332","0.039"
"Month.L"," 0.0498015419","0.0324122885"," 1.5365019","0.132"
"Month.Q","-0.0356183311","0.0344244731","-1.0346805","0.307"
"sampledepth","-0.0001160088","0.0001350398","-0.8590712","0.395"
