"","Estimate","Std. Error","t value","Pr(>|t|)"
"(Intercept)"," 0.838773409","0.41500495"," 2.0211167","0.049"
"meandegC","-0.008042183","0.01854116","-0.4337475","0.667"
"meanVW"," 0.065304841","0.43246247"," 0.1510070","0.881"
"Month.L","-0.180307474","0.04950124","-3.6424843","< 0.001"
"Month.Q"," 0.186381203","0.05312749"," 3.5081877","< 0.01"
