"","Estimate","Std. Error","t value","Pr(>|t|)"
"(Intercept)"," 0.6797908943","0.3813370016"," 1.7826513","0.082"
"meandegC"," 0.0064536537","0.0174979084"," 0.3688243","0.714"
"meanVW","-0.4057302606","0.4210600275","-0.9635924","0.341"
"Month.L","-0.2010820485","0.0455641762","-4.4131611","< 0.001"
"Month.Q"," 0.1868037523","0.0483928420"," 3.8601525","< 0.001"
"sampledepth","-0.0006012491","0.0001898348","-3.1672234","< 0.01"
