"","Estimate","Std. Error","t value","Pr(>|t|)"
"(Intercept)","  4800.0376","7965.0302"," 0.602639","0.552"
"meandegC","   592.3057"," 346.9315"," 1.707270","0.099"
"meanVW","-33413.1137","6671.2444","-5.008528","< 0.001"
"Month.L"," -4170.4722"," 695.7226","-5.994447","< 0.001"
