"","Df","Sum Sq","Mean Sq","F value","Pr(>F)"
"LUType",1,1.34401286727591,1.34401286727591,30.5277891656697,8.49709772918869e-07
"sampledepth",6,0.497926902080068,0.0829878170133446,1.88497792155623,0.0991396574180092
"LUType:PitID",4,4.92741584605201,1.231853961513,27.9802217192941,7.11117415295184e-13
"LUType:sampledepth",6,0.50870821184575,0.0847847019742917,1.92579220732563,0.0921419989671212
"Residuals",57,2.50947531833971,0.0440258827778896,,
