"","Estimate","Std. Error","t value","Pr(>|t|)"
"(Intercept)"," 0.0368498738","0.262514454"," 0.1403727","0.889"
"meandegC"," 0.0269146009","0.011765553"," 2.2875763","0.027"
"meanVW","-0.8133961820","0.278548822","-2.9201207","< 0.01"
"sampledepth","-0.0001468299","0.000135865","-1.0807043","0.286"
