"","Estimate","Std. Error","t value","Pr(>|t|)"
"(Intercept)","22.991588567","0.3426075564","67.1076517","< 0.001"
"PitIDK4","-0.124926073","0.4044849364","-0.3088522","0.758"
"PitIDM8"," 0.894940007","0.3999654098"," 2.2375435","0.028"
"PitIDMutum"," 3.172768309","0.4202042159"," 7.5505390","< 0.001"
"MonthFeb"," 0.172198935","0.3999654098"," 0.4305346","0.668"
"MonthJan","-0.376660572","0.3410916476","-1.1042797","0.273"
"MonthNov","-0.441827998","0.5744873166","-0.7690822","0.444"
"sampledepth"," 0.002732436","0.0008669435"," 3.1518041","< 0.01"
